{
  "accrual_periodicity": "annually",
  "additional_limitations": "",
  "citation": "Healthcare Information Division, Department of Health Care Access and Information [Distributor: California Breathing Asthma Program, California Department of Public Health]. 2019. AsthmaHospitalizationRates-by-County-CA-CDPH.csv  ",
  "contact_email": "California.Breathing@cdph.ca.gov",
  "data_collection_tool": "Patient Discharge Data from the California Department of Health Care Access and Information \r\n\r\n",
  "data_license": "Terms of Use",
  "de_identification_method": "For \"Total Population\" stratum, counts ≤ 5 and their rates are suppressed in accordance with CalHHS Data De-identification Guidelines. For all other strata, counts < 11 and their rates are suppressed in accordance with guidelines. For all data, rates based on counts < 12 are suppressed due to statistical instability.",
  "description": "This dataset contains counts and rates (per 10,000 residents) of asthma hospitalizations among Californians statewide and by county. The data are stratified by age group (all ages, 0-17, 18+, 0-4, 5-17, 18-64, 65+) and race/ethnicity (white, black, Hispanic, Asian/Pacific Islander, American Indian/Alaskan Native). The data are derived from the Department of Health Care Access and Information Patient Discharge Data. These data include hospitalizations from all licensed hospitals in California. These data are based only on primary discharge diagnosis codes. On October 1, 2015,  diagnostic coding for asthma transitioned from ICD-9-CM (493) to ICD-10-CM (J45). Because of this change, CDPH and CDC do not recommend comparing data from 2015 (or earlier) to 2016 (or later). NOTE: Rates are calculated from the total number of asthma hospitalizations (not the unique number of individuals).",
  "geo_coverage": "California",
  "geographic_granularity": "county",
  "keywords": [
    "California Breathing",
    "adverse childhood experiences trauma adversity lets get healthy california lghc",
    "asthma",
    "department of health care access and information",
    "hcai",
    "hospitalizations"
  ],
  "limitations": "Limitations",
  "name": "asthma-hospitalization-rates-by-county",
  "program_web_page": "https://www.cdph.ca.gov/Programs/CCDPHP/DEODC/EHIB/CPE/Pages/CaliforniaBreathing.aspx  ",
  "related_resources": "",
  "resources": [
    {
      "description": "This data table contains counts and rates (per 10,000 residents) of asthma hospitalizations among Californians statewide and by county. The data are stratified by age group (all ages, 0-17, 18+, 0-4, 5-17, 18-64, 65+) and race/ethnicity (white, black, Hispanic, Asian/Pacific Islander, American Indian/Alaskan Native). The data are derived from the Department of Health Care Access and Information Patient Discharge Data.",
      "format": "CSV",
      "hash": "db251b1fc5d6b561f87b236a4e35f171",
      "name": "asthma-hospitalization-rates-by-county",
      "path": "asthma-hospitalization-rates-by-county.csv",
      "schema": {
        "fields": [
          {
            "name": "COUNTY",
            "type": "string"
          },
          {
            "name": "YEAR",
            "type": "string"
          },
          {
            "name": "STRATA",
            "type": "string"
          },
          {
            "name": "STRATA NAME",
            "type": "string"
          },
          {
            "name": "AGE GROUP",
            "type": "string"
          },
          {
            "name": "NUMBER OF HOSPITALIZATIONS",
            "type": "string"
          },
          {
            "name": "AGE-ADJUSTED HOSPITALIZATION RATE",
            "type": "string"
          },
          {
            "name": "COMMENT",
            "type": "string"
          }
        ]
      },
      "sources": [
        {
          "path": "https://data.chhs.ca.gov/dataset/a4805267-55b9-4e07-ba2b-c446703b87a6/resource/96a383fc-2aa5-4c3c-beed-64d9c010b55d/download/asthma-hospitalization-rates-by-county-2015_2020.csv",
          "title": "Asthma Hospitalization Rates by County"
        }
      ],
      "title": "Asthma Hospitalization Rates by County"
    },
    {
      "format": "XLSX",
      "hash": "c822e71fb138e2c61ca767881b6a4e20",
      "name": "data-dictionary-asthma-hospitalization-rates-by-county",
      "path": "data-dictionary-asthma-hospitalization-rates-by-county.xlsx",
      "schema": {
        "fields": [
          {
            "name": "Field Title",
            "type": "string"
          },
          {
            "name": "Field Name",
            "type": "string"
          },
          {
            "name": "Data Type",
            "type": "string"
          },
          {
            "name": "Description",
            "type": "string"
          }
        ]
      },
      "sources": [
        {
          "path": "https://data.chhs.ca.gov/dataset/a4805267-55b9-4e07-ba2b-c446703b87a6/resource/191a7b4e-c232-4fbe-9f16-c0d3a15b897e/download/asthma-hospitalization-rates-by-county_data-dictionary.xlsx",
          "title": "Data Dictionary-Asthma Hospitalization Rates by County"
        }
      ],
      "title": "Data Dictionary-Asthma Hospitalization Rates by County"
    }
  ],
  "secondary_sources": "California’s Department of Health Care Access and Information    www.hcai.ca.gov \r\n",
  "sources": [
    {
      "name": "California Breathing, Environmental Health Investigations Branch",
      "web": "https://www.cdph.ca.gov/Programs/CCDPHP/DEODC/EHIB/CPE/Pages/CaliforniaBreathingCountyAsthmaProfiles.aspx"
    }
  ],
  "temporal_coverage": "2015-current",
  "title": "Asthma Hospitalization Rates by County"
}