{
  "accrual_periodicity": "annually",
  "additional_limitations": "",
  "citation": "",
  "contact_email": "California.Breathing@cdph.ca.gov",
  "data_collection_tool": "Emergency Department data from the California Department of Health Care Access and Information ",
  "data_license": "Terms of Use",
  "de_identification_method": "For \"Total Population\" stratum, counts ≤ 5 and their rates are suppressed in accordance with CalHHS Data De-identification Guidelines. For all other strata, counts < 11 and their rates are suppressed in accordance with guidelines. For all data, rates based on counts < 12 are suppressed due to statistical instability.",
  "description": "This dataset contains counts and rates (per 10,000 residents) of asthma emergency department (ED) visits among Californians. The table “Asthma Emergency Department Visit Rates by County” contains statewide and county-level data stratified by age group (all ages, 0-17, 18+, 0-4, 5-17, 18-64, 65+) and race/ethnicity (white, black, Hispanic, Asian/Pacific Islander, American Indian/Alaskan Native). The table “Asthma Emergency Department Visit Rates by ZIP Code” contains zip-code level data stratified by age group (all ages, 0-17, 18+). The data are derived from the Department of Health Care Access and Information emergency department database. These data include emergency department visits from all licensed hospitals in California. These data are based only on primary discharge diagnosis codes. On October 1, 2015, diagnostic coding for asthma transitioned from ICD9-CM (493) to ICD10-CM (J45). Because of this change, CDPH and CDC do not recommend comparing data from 2015 (or earlier) to 2016 (or later).  NOTE: Rates are calculated from the total number of asthma emergency department visits (not the unique number of individuals).\r\n\r\n",
  "geo_coverage": "California",
  "geographic_granularity": "zip code",
  "keywords": [
    "California Breathing",
    "ED visits",
    "Emergency Department",
    "asthma",
    "asthma attack",
    "asthma emergency department visits",
    "chronic disease",
    "department of health care access and information",
    "disease of repiratory system",
    "hcai",
    "health effects",
    "health outcome",
    "icd9-cm 493.0",
    "respiratory disease",
    "tracking indicator"
  ],
  "limitations": "Limitations",
  "name": "asthma-emergency-department-visit-rates",
  "program_web_page": "https://www.cdph.ca.gov/Programs/CCDPHP/DEODC/EHIB/CPE/Pages/CaliforniaBreathing.aspx ",
  "related_resources": "",
  "resources": [
    {
      "description": "This data table contains counts and rates (per 10,000 residents) of asthma emergency department (ED) visits among Californians statewide and by county. The data are stratified by age group (all ages, 0-17, 18+, 0-4, 5-17, 18-64, 65+) and race/ethnicity (white, black, Hispanic, Asian/Pacific Islander, American Indian/Alaskan Native). The data are derived from the Department of Health Care Access and Information emergency department database.",
      "format": "CSV",
      "hash": "9bf5f7b538e08b1ded9a248dc12bb598",
      "name": "asthma-ed-visit-rates-by-county",
      "path": "asthma-ed-visit-rates-by-county.csv",
      "schema": {
        "fields": [
          {
            "name": "COUNTY",
            "type": "string"
          },
          {
            "name": "YEAR",
            "type": "string"
          },
          {
            "name": "STRATA",
            "type": "string"
          },
          {
            "name": "STRATA NAME",
            "type": "string"
          },
          {
            "name": "AGE GROUP",
            "type": "string"
          },
          {
            "name": "NUMBER OF ED VISITS",
            "type": "string"
          },
          {
            "name": "AGE-ADJUSTED ED VISIT RATE",
            "type": "string"
          },
          {
            "name": "COMMENT",
            "type": "string"
          }
        ]
      },
      "sources": [
        {
          "path": "https://data.chhs.ca.gov/dataset/34f3464e-b2eb-4f74-9ef9-f378711aa0f5/resource/94d84508-8046-40a7-b8d9-0ed73b13b697/download/asthma-emergency-department-visit-rates-by-county-2015_2020.csv",
          "title": "Asthma ED Visit Rates by County"
        }
      ],
      "title": "Asthma ED Visit Rates by County"
    },
    {
      "format": "XLSX",
      "hash": "f6e57567a0fd9a461ca13afc320a0a50",
      "name": "data-dictionary-asthma-ed-visit-rates-by-county",
      "path": "data-dictionary-asthma-ed-visit-rates-by-county.xlsx",
      "schema": {
        "fields": [
          {
            "name": "Field Title",
            "type": "string"
          },
          {
            "name": "Field Name",
            "type": "string"
          },
          {
            "name": "Data Type",
            "type": "string"
          },
          {
            "name": "Description",
            "type": "string"
          }
        ]
      },
      "sources": [
        {
          "path": "https://data.chhs.ca.gov/dataset/34f3464e-b2eb-4f74-9ef9-f378711aa0f5/resource/fa5ab11f-a55a-421d-b7f8-c15fbfe16cc7/download/asthma-ed-visit-rates-by-county_data-dictionary.csv",
          "title": "Data Dictionary-Asthma ED Visit Rates by County"
        }
      ],
      "title": "Data Dictionary-Asthma ED Visit Rates by County"
    },
    {
      "description": "This data table contains counts and rates (per 10,000 residents) of asthma emergency department (ED) visits among Californians by zip code. The data are stratified by age group (all ages, 0-17, 18+). The data are derived from the Department of Health Care Access and Information emergency department database.",
      "format": "XLSX",
      "hash": "8df18fb25bf19e8d114cfe6fd9354869",
      "name": "asthma-ed-visit-rates-by-zip-code",
      "path": "asthma-ed-visit-rates-by-zip-code.xlsx",
      "schema": {
        "fields": [
          {
            "name": "Year",
            "type": "number"
          },
          {
            "name": "Zip_Code",
            "type": "number"
          },
          {
            "name": "Number_of_Asthma_ED_Visits",
            "type": "number"
          },
          {
            "name": "Age_Adjusted_Rate_of_Asthma_ED_V",
            "type": "number"
          },
          {
            "name": "Age_Group",
            "type": "string"
          },
          {
            "name": "County",
            "type": "string"
          }
        ]
      },
      "sources": [
        {
          "path": "https://data.chhs.ca.gov/dataset/34f3464e-b2eb-4f74-9ef9-f378711aa0f5/resource/5b9309d9-5680-4970-85a6-804cce466040/download/asthmaedvisitrates-by-zipcode-2013to2020-ca-cdph_with-county.xlsx",
          "title": "Asthma ED Visit Rates by ZIP Code "
        }
      ],
      "title": "Asthma ED Visit Rates by ZIP Code "
    },
    {
      "description": "MAP: http://tinyurl.com/AsthmaEDVisitsMap This dataset contains counts and rates (per 10,000) of asthma (ICD9-CM, 493.0-493.9) emergency department visits among California residents by ZIP Code and age group (all ages, 0-17, 18+). For more information please go to www.californiabreathing.org",
      "format": "XLSX",
      "hash": "74d2c824de3fae1e3f0a356dcf10aee0",
      "name": "data-dictionary-asthma-ed-visit-rates-by-zip-code",
      "path": "data-dictionary-asthma-ed-visit-rates-by-zip-code.xlsx",
      "schema": {
        "fields": [
          {
            "name": "VARIABLE NAME",
            "type": "string"
          },
          {
            "name": "FORMAT",
            "type": "string"
          },
          {
            "name": "DEFINITON",
            "type": "string"
          }
        ]
      },
      "sources": [
        {
          "path": "https://data.chhs.ca.gov/dataset/34f3464e-b2eb-4f74-9ef9-f378711aa0f5/resource/19795b3c-d703-4700-b87c-5985a4744e79/download/asthmaedvisit-rates-byzip-dd.xlsx",
          "title": "Data Dictionary-Asthma ED Visit Rates by Zip Code"
        }
      ],
      "title": "Data Dictionary-Asthma ED Visit Rates by Zip Code"
    },
    {
      "description": "MAP: http://tinyurl.com/AsthmaEDVisitsMap This dataset contains counts and rates (per 10,000) of asthma (ICD9-CM, 493.0-493.9) emergency department visits among California residents by ZIP Code and age group (all ages, 0-17, 18+). For more information please go to www.californiabreathing.org",
      "format": "PDF",
      "name": "notes-asthma-ed-visit-rates-by-zip-code",
      "path": "notes-asthma-ed-visit-rates-by-zip-code.pdf",
      "sources": [
        {
          "path": "https://data.chhs.ca.gov/dataset/34f3464e-b2eb-4f74-9ef9-f378711aa0f5/resource/ef11aedd-b918-41e3-b049-a9377405b42a/download/asthma-ed-visits-by-zip-code.pdf",
          "title": "Notes-Asthma ED Visit Rates by Zip Code"
        }
      ],
      "title": "Notes-Asthma ED Visit Rates by Zip Code"
    }
  ],
  "secondary_sources": "  www.hcai.ca.gov  ",
  "sources": [
    {
      "name": "California Department of Public Health, California Breathing Asthma Program ",
      "web": "https://www.cdph.ca.gov/Programs/CCDPHP/DEODC/EHIB/CPE/Pages/CaliforniaBreathingCountyAsthmaProfiles.aspx "
    }
  ],
  "temporal_coverage": "2015-current (ED visits by county, age group, and race/ethnicity); 2009, 2012-current (ED visits by zip code and age group)",
  "title": "Asthma Emergency Department Visit Rates"
}